{
    "name": "root",
    "gauges": {
        "MoveToGoal.Policy.Entropy.mean": {
            "value": 1.411696195602417,
            "min": 1.4116581678390503,
            "max": 1.4188768863677979,
            "count": 10
        },
        "MoveToGoal.Policy.Entropy.sum": {
            "value": 70399.875,
            "min": 70399.875,
            "max": 71319.84375,
            "count": 10
        },
        "MoveToGoal.Environment.EpisodeLength.mean": {
            "value": 65.36968085106383,
            "min": 63.28442728442729,
            "max": 72.41116005873715,
            "count": 10
        },
        "MoveToGoal.Environment.EpisodeLength.sum": {
            "value": 49158.0,
            "min": 49113.0,
            "max": 49395.0,
            "count": 10
        },
        "MoveToGoal.Step.mean": {
            "value": 499954.0,
            "min": 49949.0,
            "max": 499954.0,
            "count": 10
        },
        "MoveToGoal.Step.sum": {
            "value": 499954.0,
            "min": 49949.0,
            "max": 499954.0,
            "count": 10
        },
        "MoveToGoal.Policy.ExtrinsicValueEstimate.mean": {
            "value": 796.0650024414062,
            "min": -345.5418701171875,
            "max": 796.0650024414062,
            "count": 10
        },
        "MoveToGoal.Policy.ExtrinsicValueEstimate.sum": {
            "value": 886816.4375,
            "min": -390807.84375,
            "max": 886816.4375,
            "count": 10
        },
        "MoveToGoal.Environment.CumulativeReward.mean": {
            "value": 1822.0451527224436,
            "min": -544.973544973545,
            "max": 1906.5420560747664,
            "count": 10
        },
        "MoveToGoal.Environment.CumulativeReward.sum": {
            "value": 1372000.0,
            "min": -412000.0,
            "max": 1428000.0,
            "count": 10
        },
        "MoveToGoal.Policy.ExtrinsicReward.mean": {
            "value": 1822.0451527224436,
            "min": -544.973544973545,
            "max": 1906.5420560747664,
            "count": 10
        },
        "MoveToGoal.Policy.ExtrinsicReward.sum": {
            "value": 1372000.0,
            "min": -412000.0,
            "max": 1428000.0,
            "count": 10
        },
        "MoveToGoal.Losses.PolicyLoss.mean": {
            "value": 0.024655629287784298,
            "min": 0.02141001947845022,
            "max": 0.027958762587513772,
            "count": 10
        },
        "MoveToGoal.Losses.PolicyLoss.sum": {
            "value": 0.12327814643892149,
            "min": 0.09960983546140292,
            "max": 0.13195220517615477,
            "count": 10
        },
        "MoveToGoal.Losses.ValueLoss.mean": {
            "value": 2589544.1525,
            "min": 520652.0344791667,
            "max": 2589544.1525,
            "count": 10
        },
        "MoveToGoal.Losses.ValueLoss.sum": {
            "value": 12947720.7625,
            "min": 2603260.1723958333,
            "max": 12947720.7625,
            "count": 10
        },
        "MoveToGoal.Policy.LearningRate.mean": {
            "value": 1.6574254475279998e-05,
            "min": 1.6574254475279998e-05,
            "max": 0.00028460535513155,
            "count": 10
        },
        "MoveToGoal.Policy.LearningRate.sum": {
            "value": 8.287127237639999e-05,
            "min": 8.287127237639999e-05,
            "max": 0.0012843894718702,
            "count": 10
        },
        "MoveToGoal.Policy.Epsilon.mean": {
            "value": 0.10552472000000002,
            "min": 0.10552472000000002,
            "max": 0.19486845000000003,
            "count": 10
        },
        "MoveToGoal.Policy.Epsilon.sum": {
            "value": 0.5276236000000001,
            "min": 0.500124,
            "max": 0.9281298,
            "count": 10
        },
        "MoveToGoal.Policy.Beta.mean": {
            "value": 0.00028568352799999996,
            "min": 0.00028568352799999996,
            "max": 0.004743935655,
            "count": 10
        },
        "MoveToGoal.Policy.Beta.sum": {
            "value": 0.0014284176399999998,
            "min": 0.0014284176399999998,
            "max": 0.02141367702,
            "count": 10
        },
        "MoveToGoal.IsTraining.mean": {
            "value": 1.0,
            "min": 1.0,
            "max": 1.0,
            "count": 10
        },
        "MoveToGoal.IsTraining.sum": {
            "value": 1.0,
            "min": 1.0,
            "max": 1.0,
            "count": 10
        }
    },
    "metadata": {
        "timer_format_version": "0.1.0",
        "start_time_seconds": "1624638526",
        "python_version": "3.7.9 (tags/v3.7.9:13c94747c7, Aug 17 2020, 18:58:18) [MSC v.1900 64 bit (AMD64)]",
        "command_line_arguments": "C:\\Users\\axfor\\Documents\\Unity\\Projects\\MLAgentsProject\\MLAgentsProject\\venv\\Scripts\\mlagents-learn --run-id=MoveToGoal5 --force",
        "mlagents_version": "0.27.0",
        "mlagents_envs_version": "0.27.0",
        "communication_protocol_version": "1.5.0",
        "pytorch_version": "1.7.0+cu110",
        "numpy_version": "1.21.0",
        "end_time_seconds": "1624639856"
    },
    "total": 1330.1511343999998,
    "count": 1,
    "self": 0.0269885999998678,
    "children": {
        "run_training.setup": {
            "total": 0.17021720000000018,
            "count": 1,
            "self": 0.17021720000000018
        },
        "TrainerController.start_learning": {
            "total": 1329.9539286,
            "count": 1,
            "self": 2.734049499989851,
            "children": {
                "TrainerController._reset_env": {
                    "total": 43.605106400000004,
                    "count": 1,
                    "self": 43.605106400000004
                },
                "TrainerController.advance": {
                    "total": 1283.52666990001,
                    "count": 61294,
                    "self": 2.8730387000236988,
                    "children": {
                        "env_step": {
                            "total": 937.6775944999872,
                            "count": 61294,
                            "self": 754.7246905999878,
                            "children": {
                                "SubprocessEnvManager._take_step": {
                                    "total": 181.19784900000644,
                                    "count": 61294,
                                    "self": 9.265575200026461,
                                    "children": {
                                        "TorchPolicy.evaluate": {
                                            "total": 171.93227379997998,
                                            "count": 55574,
                                            "self": 67.0788047999781,
                                            "children": {
                                                "TorchPolicy.sample_actions": {
                                                    "total": 104.85346900000188,
                                                    "count": 55574,
                                                    "self": 104.85346900000188
                                                }
                                            }
                                        }
                                    }
                                },
                                "workers": {
                                    "total": 1.7550548999930626,
                                    "count": 61294,
                                    "self": 0.0,
                                    "children": {
                                        "worker_root": {
                                            "total": 1286.4371119000057,
                                            "count": 61294,
                                            "is_parallel": true,